Marque,Modele,Bonus/Malus,Rejet CO2 g/km,Cout energie
AUDI,E-TRON SPORTBACK 55 (408ch) quattro,-6000,0,319
AUDI,Q5 50 TFSI e (299ch) quattro S tronic 7,0,49,105
AUDI,Q5 55 TFSI e (367ch) quattro,0,45,105
AUDI,Q5 50 TFSI e (299ch) quattro S tronic 7,0,45,105
AUDI,A3 40 e-tron (204ch) S tronic 6,0,40,54
AUDI,A3 40 e-tron (204ch) S tronic 6,0,40,54
AUDI,A7 Sportback 55 TFSI e (367ch) S tronic 7,0,42,105
AUDI,E-TRON 55 (408ch) quattro,-6000,0,357
AUDI,E-TRON 50 (313ch) quattro,-6000,0,356
AUDI,E-TRON SPORTBACK 50 (313ch) quattro,-6000,0,356
BENTLEY,BENTAYGA HYBRID,0,84,102
BENTLEY,BENTAYGA HYBRID,0,84,102
BMW,745Le xDrive,0,55,62
BMW,225xe Active Tourer,0,52,80
BMW,745Le,0,50,62
BMW,530e Berline,0,36,54
BMW,X5 xDrive45e,0,38,83
BMW,X5 xDrive45e,0,38,83
BMW,745e Berline,0,48,62
BMW,530e xDrive Berline,0,47,54
BMW,530e xDrive Berline,0,47,54
BMW,530e Berline,0,47,54
BMW,i3 120 Ah,-6000,0,204
BMW,X5 xDrive45e,0,45,83
BMW,X5 xDrive45e,0,45,83
BMW,i8 Roadster,0,42,68
BMW,i8 Coupé,0,42,66
BMW,225xe Active Tourer,0,42,60
BMW,330e Berline,0,36,60
BMW,530e Berline,0,36,54
BMW,i3s 120 Ah,-6000,0,204
CITROEN,C-ZERO,-6000,0,491
CITROEN,BERLINGO,-6000,0,203
DS,DS3 CROSSBACK E-Tense (136ch),-6000,0,251
DS,DS7 CROSSBACK E-TENSE (200ch) EAT8,0,33,67
HYUNDAI,IONIQ plug-in,0,26,43
HYUNDAI,KONA electric 64 kWh,-6000,0,205
HYUNDAI,KONA electric 39 kWh,-6000,0,205
JAGUAR,I-PACE EV400 (400 CEE) - Automatique - 4 roues motrices,-6000,0,271
KIA,NIRO 1.6 essence GDi (105ch) ISG / Electrique (60.5ch) DCT6 Système hybride rechargeable (141ch),0,29,47
KIA,SOUL Moteur électrique 100kW (136ch),-6000,0,214
KIA,SOUL Moteur électrique 150 kW (204ch),-6000,0,214
KIA,OPTIMA SW 2.0 essence GDi (156ch) / Electrique (67ch) BVA6 Système hybride rechargeable (205ch),0,33,56
KIA,e-NIRO Moteur électrique synchrone à aimant permanent 100kW (136ch),-6000,0,203
KIA,e-NIRO Moteur électrique synchrone à aimant permanent 150kW (204ch),-6000,0,212
LAND ROVER,RANGE ROVER SPORT P400e (404CH),0,69,78
LAND ROVER,RANGE ROVER SWB P400e (404ch) 4PL,0,69,78
LAND ROVER,RANGE ROVER LWB P400e (404ch) 5PL,0,69,78
LAND ROVER,RANGE ROVER LWB P400e (404ch) 4PL,0,69,78
LAND ROVER,RANGE ROVER SWB P400e (404ch) 5PL,0,69,78
MERCEDES,SPRINTER Combi 319 CDI (190ch) 4x4 PTAC 3500 kg normal Toit surélevé,8753,262,1051
MERCEDES,SPRINTER Combi 319 CDI (190ch) 4x4 PTAC 3500 kg normal Toit plat,8753,262,1051
MERCEDES,SPRINTER Combi 319 CDI (190ch) 4x4 PTAC 3500 kg normal Toit surélevé,8753,260,1041
MERCEDES,SPRINTER Combi 319 CDI (190ch) 4x4 PTAC 3500 kg normal Toit plat,8753,260,1041
MERCEDES,SPRINTER Combi 319 CDI (190ch) 4x2 PTAC 3500 kg normal Toit plat,8753,255,1020
MERCEDES,SPRINTER Combi 319 CDI (190ch) 4x2 PTAC 3500 kg long Toit surélevé,8753,255,1020
MERCEDES,SPRINTER Combi 319 CDI (190ch) 4x2 PTAC 3500 kg normal Toit surélevé,8753,255,1020
MERCEDES,SPRINTER Combi 319 CDI (190ch) 4x2 PTAC 3500 kg normal Toit plat,8753,252,1009
MERCEDES,SPRINTER Combi 319 CDI (190ch) 4x4 PTAC 3500 kg normal Toit surélevé,8753,252,1009
MERCEDES,SPRINTER Combi 319 CDI (190ch) 4x2 PTAC 3500 kg long Toit surélevé,8753,252,1009
MERCEDES,SPRINTER Combi 319 CDI (190ch) 4x4 PTAC 3500 kg normal Toit plat,8753,252,1009
MERCEDES,SPRINTER Combi 319 CDI (190ch) 4x2 PTAC 3500 kg normal Toit surélevé,8753,252,1009
MERCEDES,SPRINTER Combi 319 CDI (190ch) 4x4 PTAC 3500 kg normal Toit surélevé,8753,250,999
MERCEDES,SPRINTER Combi 319 CDI (190ch) 4x4 PTAC 3500 kg normal Toit plat,8753,250,999
MERCEDES,SPRINTER Combi 319 CDI (190ch) 4x4 PTAC 3500 kg normal Toit surélevé,8753,249,988
MERCEDES,SPRINTER Combi 319 CDI (190ch) 4x4 PTAC 3500 kg normal Toit plat,8753,249,988
MERCEDES,SPRINTER Combi 319 CDI (190ch) 4x2 PTAC 3500 kg normal Toit plat,8753,246,988
MERCEDES,SPRINTER Combi 319 CDI (190ch) 4x2 PTAC 3500 kg long Toit surélevé,8753,246,988
MERCEDES,SPRINTER Combi 319 CDI (190ch) 4x2 PTAC 3500 kg normal Toit surélevé,8753,246,988
MERCEDES,SPRINTER Combi 319 CDI (190ch) 4x4 PTAC 3500 kg normal Toit surélevé,8753,245,978
MERCEDES,SPRINTER Combi 319 CDI (190ch) 4x4 PTAC 3500 kg normal Toit plat,8753,245,978
MERCEDES,SPRINTER Combi 319 CDI (190ch) 4x2 PTAC 3500 kg normal Toit plat,8753,243,978
MERCEDES,SPRINTER Combi 319 CDI (190ch) 4x4 PTAC 3500 kg normal Toit surélevé,8753,243,967
MERCEDES,SPRINTER Combi 319 CDI (190ch) 4x4 PTAC 3500 kg normal Toit plat,8753,243,967
MERCEDES,SPRINTER Combi 319 CDI (190ch) 4x2 PTAC 3500 kg long Toit surélevé,8753,243,978
MERCEDES,SPRINTER Combi 319 CDI (190ch) 4x2 PTAC 3500 kg normal Toit surélevé,8753,243,978
MERCEDES,SPRINTER Combi 319 CDI (190ch) 4x2 PTAC 3500 kg normal Toit plat,8753,240,957
MERCEDES,SPRINTER Combi 319 CDI (190ch) 4x4 PTAC 3500 kg normal Toit surélevé,8753,240,957
MERCEDES,SPRINTER Combi 319 CDI (190ch) 4x4 PTAC 3500 kg normal Toit plat,8753,240,957
MERCEDES,SPRINTER Combi 319 CDI (190ch) 4x2 PTAC 3500 kg normal Toit surélevé,8753,240,957
MERCEDES,SPRINTER Combi 319 CDI (190ch) 4x2 PTAC 3500 kg long Toit surélevé,8753,240,957
MERCEDES,SPRINTER Combi 319 CDI (190ch) 4x2 PTAC 3500 kg normal Toit plat,8753,237,946
MERCEDES,SPRINTER Combi 319 CDI (190ch) 4x2 PTAC 3500 kg normal Toit surélevé,8753,237,946
MERCEDES,SPRINTER Combi 319 CDI (190ch) 4x2 PTAC 3500 kg long Toit surélevé,8753,237,946
MERCEDES,SPRINTER Combi 316 CDI (163ch) 4x4 PTAC 3500 kg normal Toit surélevé,8753,232,925
MERCEDES,SPRINTER Combi 316 CDI (163ch) 4x4 PTAC 3500 kg normal Toit plat,8753,232,925
MERCEDES,SPRINTER Combi 316 CDI (163ch) 4x4 PTAC 3500 kg normal Toit surélevé,8753,229,915
MERCEDES,SPRINTER Combi 316 CDI (163ch) 4x4 PTAC 3500 kg normal Toit plat,8753,229,915
MERCEDES,SPRINTER Combi 316 CDI (163ch) 4x4 PTAC 3500 kg normal Toit surélevé,8753,222,883
MERCEDES,SPRINTER Combi 316 CDI (163ch) 4x4 PTAC 3500 kg normal Toit plat,8753,222,883
MERCEDES,SPRINTER Combi 319 CDI (190ch) 4x2 PTAC 3500 kg normal Toit plat,8753,221,883
MERCEDES,SPRINTER Combi 319 CDI (190ch) 4x2 PTAC 3500 kg long Toit surélevé,8753,221,883
MERCEDES,SPRINTER Combi 319 CDI (190ch) 4x2 PTAC 3500 kg normal Toit surélevé,8753,221,883
MERCEDES,SPRINTER Combi 319 CDI (190ch) 4x2 PTAC 3500 kg normal Toit plat,8753,219,873
MERCEDES,SPRINTER Combi 316 CDI (163ch) 4x4 PTAC 3500 kg normal Toit surélevé,8753,219,873
MERCEDES,SPRINTER Combi 319 CDI (190ch) 4x2 PTAC 3500 kg normal Toit surélevé,8753,219,873
MERCEDES,SPRINTER Combi 316 CDI (163ch) 4x4 PTAC 3500 kg normal Toit plat,8753,219,873
MERCEDES,SPRINTER Combi 319 CDI (190ch) 4x2 PTAC 3500 kg long Toit surélevé,8753,219,873
MERCEDES,SPRINTER Combi 319 CDI (190ch) 4x2 PTAC 3500 kg normal Toit plat,8753,218,873
MERCEDES,SPRINTER Combi 319 CDI (190ch) 4x2 PTAC 3500 kg normal Toit surélevé,8753,218,873
MERCEDES,SPRINTER Combi 319 CDI (190ch) 4x2 PTAC 3500 kg long Toit surélevé,8753,218,873
MERCEDES,SPRINTER Combi 319 CDI (190ch) 4x2 PTAC 3500 kg normal Toit plat,8753,217,873
MERCEDES,SPRINTER Combi 319 CDI (190ch) 4x2 PTAC 3500 kg long Toit surélevé,8753,217,873
MERCEDES,SPRINTER Combi 319 CDI (190ch) 4x2 PTAC 3500 kg normal Toit surélevé,8753,217,873
MERCEDES,SPRINTER Combi 319 CDI (190ch) 4x2 PTAC 3500 kg normal Toit plat,8753,216,862
MERCEDES,SPRINTER Combi 319 CDI (190ch) 4x2 PTAC 3500 kg normal Toit surélevé,8753,216,862
MERCEDES,SPRINTER Combi 319 CDI (190ch) 4x2 PTAC 3500 kg long Toit surélevé,8753,216,862
MERCEDES,SPRINTER Combi 319 CDI (190ch) 4x2 PTAC 3500 kg normal Toit plat,8753,214,862
MERCEDES,SPRINTER Combi 319 CDI (190ch) 4x2 PTAC 3500 kg long Toit surélevé,8753,214,862
MERCEDES,SPRINTER Combi 319 CDI (190ch) 4x2 PTAC 3500 kg normal Toit surélevé,8753,214,862
MERCEDES,SPRINTER Combi 316 CDI (163ch) 4x4 PTAC 3500 kg normal Toit surélevé,8753,210,841
MERCEDES,SPRINTER Combi 314 CDI (143ch) 4x4 PTAC 3500 kg normal Toit surélevé,8753,210,841
MERCEDES,SPRINTER Combi 316 CDI (163ch) 4x4 PTAC 3500 kg normal Toit plat,8753,210,841
MERCEDES,SPRINTER Combi 314 CDI (143ch) 4x4 PTAC 3500 kg normal Toit plat,8753,210,841
MERCEDES,SPRINTER Combi 316 CDI (163ch) 4x4 PTAC 3500 kg normal Toit surélevé,8753,207,831
MERCEDES,SPRINTER Combi 314 CDI (143ch) 4x4 PTAC 3500 kg normal Toit surélevé,8753,207,831
MERCEDES,SPRINTER Combi 316 CDI (163ch) 4x4 PTAC 3500 kg normal Toit plat,8753,207,831
MERCEDES,SPRINTER Combi 314 CDI (143ch) 4x4 PTAC 3500 kg normal Toit plat,8753,207,831
MERCEDES,SPRINTER Combi 314 CDI (143ch) 4x2 PTAC 3190 kg normal Toit surélevé,8753,200,799
MERCEDES,SPRINTER Combi 311 CDI (114ch) 4x2 PTAC 3500 kg long Toit surélevé,8753,200,799
MERCEDES,SPRINTER Combi 311 CDI (114ch) 4x2 PTAC 3500 kg normal Toit surélevé,8753,200,799
MERCEDES,SPRINTER Combi 311 CDI (114ch) 4x2 PTAC 3190 kg normal Toit surélevé,8753,200,799
MERCEDES,SPRINTER Combi 316 CDI (163ch) 4x2 PTAC 3500 kg court Toit plat,8753,200,799
MERCEDES,SPRINTER Combi 316 CDI (163ch) 4x2 PTAC 3500 kg normal Toit plat,8753,200,799
MERCEDES,SPRINTER Combi 316 CDI (163ch) 4x2 PTAC 3190 kg court Toit plat,8753,200,799
MERCEDES,SPRINTER Combi 316 CDI (163ch) 4x2 PTAC 3190 kg normal Toit plat,8753,200,799
MERCEDES,SPRINTER Combi 314 CDI (143ch) 4x2 PTAC 3500 kg normal Toit plat,8753,200,799
MERCEDES,SPRINTER Combi 314 CDI (143ch) 4x2 PTAC 3500 kg court Toit plat,8753,200,799
MERCEDES,SPRINTER Combi 314 CDI (143ch) 4x2 PTAC 3190 kg normal Toit plat,8753,200,799
MERCEDES,SPRINTER Combi 314 CDI (143ch) 4x2 PTAC 3190 kg court Toit plat,8753,200,799
MERCEDES,SPRINTER Combi 311 CDI (114ch) 4x2 PTAC 3500 kg court Toit plat,8753,200,799
MERCEDES,SPRINTER Combi 311 CDI (114ch) 4x2 PTAC 3500 kg normal Toit plat,8753,200,799
MERCEDES,SPRINTER Combi 311 CDI (114ch) 4x2 PTAC 3190 kg normal Toit plat,8753,200,799
MERCEDES,SPRINTER Combi 311 CDI (114ch) 4x2 PTAC 3190 kg court Toit plat,8753,200,799
MERCEDES,SPRINTER Combi 316 CDI (163ch) 4x2 PTAC 3500 kg normal Toit surélevé,8753,200,799
MERCEDES,SPRINTER Combi 316 CDI (163ch) 4x2 PTAC 3500 kg long Toit surélevé,8753,200,799
MERCEDES,SPRINTER Combi 316 CDI (163ch) 4x2 PTAC 3190 kg normal Toit surélevé,8753,200,799
MERCEDES,SPRINTER Combi 314 CDI (143ch) 4x2 PTAC 3500 kg long Toit surélevé,8753,200,799
MERCEDES,SPRINTER Combi 314 CDI (143ch) 4x2 PTAC 3500 kg normal Toit surélevé,8753,200,799
MERCEDES,SPRINTER Combi 316 CDI (163ch) 4x4 PTAC 3500 kg normal Toit surélevé,8753,199,799
MERCEDES,SPRINTER Combi 314 CDI (143ch) 4x4 PTAC 3500 kg normal Toit surélevé,8753,199,799
MERCEDES,SPRINTER Combi 316 CDI (163ch) 4x4 PTAC 3500 kg normal Toit plat,8753,199,799
MERCEDES,SPRINTER Combi 314 CDI (143ch) 4x4 PTAC 3500 kg normal Toit plat,8753,199,799
MERCEDES,SPRINTER Combi 314 CDI (143ch) 4x2 PTAC 3190 kg normal Toit surélevé,8753,197,789
MERCEDES,SPRINTER Combi 311 CDI (114ch) 4x2 PTAC 3500 kg long Toit surélevé,8753,197,789
MERCEDES,SPRINTER Combi 311 CDI (114ch) 4x2 PTAC 3500 kg normal Toit surélevé,8753,197,789
MERCEDES,SPRINTER Combi 311 CDI (114ch) 4x2 PTAC 3190 kg normal Toit surélevé,8753,197,789
MERCEDES,SPRINTER Combi 316 CDI (163ch) 4x2 PTAC 3500 kg court Toit plat,8753,197,789
MERCEDES,SPRINTER Combi 316 CDI (163ch) 4x2 PTAC 3500 kg normal Toit plat,8753,197,789
MERCEDES,SPRINTER Combi 316 CDI (163ch) 4x2 PTAC 3190 kg court Toit plat,8753,197,789
MERCEDES,SPRINTER Combi 316 CDI (163ch) 4x2 PTAC 3190 kg normal Toit plat,8753,197,789
MERCEDES,SPRINTER Combi 314 CDI (143ch) 4x2 PTAC 3500 kg normal Toit plat,8753,197,789
MERCEDES,SPRINTER Combi 314 CDI (143ch) 4x2 PTAC 3500 kg court Toit plat,8753,197,789
MERCEDES,SPRINTER Combi 314 CDI (143ch) 4x2 PTAC 3190 kg normal Toit plat,8753,197,789
MERCEDES,SPRINTER Combi 314 CDI (143ch) 4x2 PTAC 3190 kg court Toit plat,8753,197,789
MERCEDES,SPRINTER Combi 311 CDI (114ch) 4x2 PTAC 3500 kg court Toit plat,8753,197,789
MERCEDES,SPRINTER Combi 311 CDI (114ch) 4x2 PTAC 3500 kg normal Toit plat,8753,197,789
MERCEDES,SPRINTER Combi 311 CDI (114ch) 4x2 PTAC 3190 kg normal Toit plat,8753,197,789
MERCEDES,SPRINTER Combi 311 CDI (114ch) 4x2 PTAC 3190 kg court Toit plat,8753,197,789
MERCEDES,SPRINTER Combi 316 CDI (163ch) 4x4 PTAC 3500 kg normal Toit surélevé,8753,197,789
MERCEDES,SPRINTER Combi 314 CDI (143ch) 4x4 PTAC 3500 kg normal Toit surélevé,8753,197,789
MERCEDES,SPRINTER Combi 316 CDI (163ch) 4x4 PTAC 3500 kg normal Toit plat,8753,197,789
MERCEDES,SPRINTER Combi 314 CDI (143ch) 4x4 PTAC 3500 kg normal Toit plat,8753,197,789
MERCEDES,SPRINTER Combi 316 CDI (163ch) 4x2 PTAC 3500 kg normal Toit surélevé,8753,197,789
MERCEDES,SPRINTER Combi 316 CDI (163ch) 4x2 PTAC 3500 kg long Toit surélevé,8753,197,789
MERCEDES,SPRINTER Combi 316 CDI (163ch) 4x2 PTAC 3190 kg normal Toit surélevé,8753,197,789
MERCEDES,SPRINTER Combi 314 CDI (143ch) 4x2 PTAC 3500 kg long Toit surélevé,8753,197,789
MERCEDES,SPRINTER Combi 314 CDI (143ch) 4x2 PTAC 3500 kg normal Toit surélevé,8753,197,789
MERCEDES,SPRINTER Combi 314 CDI (143ch) 4x2 PTAC 3190 kg normal Toit surélevé,8753,189,757
MERCEDES,SPRINTER Combi 316 CDI (163ch) 4x2 PTAC 3500 kg normal Toit plat,8753,189,757
MERCEDES,SPRINTER Combi 316 CDI (163ch) 4x2 PTAC 3500 kg court Toit plat,8753,189,757
MERCEDES,SPRINTER Combi 316 CDI (163ch) 4x2 PTAC 3190 kg court Toit plat,8753,189,757
MERCEDES,SPRINTER Combi 316 CDI (163ch) 4x2 PTAC 3190 kg normal Toit plat,8753,189,757
MERCEDES,SPRINTER Combi 314 CDI (143ch) 4x2 PTAC 3500 kg normal Toit plat,8753,189,757
MERCEDES,SPRINTER Combi 314 CDI (143ch) 4x2 PTAC 3500 kg court Toit plat,8753,189,757
MERCEDES,SPRINTER Combi 314 CDI (143ch) 4x2 PTAC 3190 kg court Toit plat,8753,189,757
MERCEDES,SPRINTER Combi 314 CDI (143ch) 4x2 PTAC 3190 kg normal Toit plat,8753,189,757
MERCEDES,SPRINTER Combi 316 CDI (163ch) 4x2 PTAC 3500 kg long Toit surélevé,8753,189,757
MERCEDES,SPRINTER Combi 316 CDI (163ch) 4x2 PTAC 3500 kg normal Toit surélevé,8753,189,757
MERCEDES,SPRINTER Combi 316 CDI (163ch) 4x2 PTAC 3190 kg normal Toit surélevé,8753,189,757
MERCEDES,SPRINTER Combi 314 CDI (143ch) 4x2 PTAC 3500 kg normal Toit surélevé,8753,189,757
MERCEDES,SPRINTER Combi 314 CDI (143ch) 4x2 PTAC 3500 kg long Toit surélevé,8753,189,757
MERCEDES,SPRINTER Combi 314 CDI (143ch) 4x2 PTAC 3190 kg normal Toit surélevé,8753,187,746
MERCEDES,SPRINTER Combi 311 CDI (114ch) 4x2 PTAC 3500 kg long Toit surélevé,8753,187,746
MERCEDES,SPRINTER Combi 311 CDI (114ch) 4x2 PTAC 3500 kg normal Toit surélevé,8753,187,746
MERCEDES,SPRINTER Combi 311 CDI (114ch) 4x2 PTAC 3190 kg normal Toit surélevé,8753,187,746
MERCEDES,SPRINTER Combi 316 CDI (163ch) 4x2 PTAC 3500 kg normal Toit plat,8753,187,746
MERCEDES,SPRINTER Combi 314 CDI (143ch) 4x2 PTAC 3500 kg court Toit plat,8753,187,746
MERCEDES,SPRINTER Combi 314 CDI (143ch) 4x2 PTAC 3500 kg normal Toit plat,8753,187,746
MERCEDES,SPRINTER Combi 314 CDI (143ch) 4x2 PTAC 3190 kg court Toit plat,8753,187,746
MERCEDES,SPRINTER Combi 314 CDI (143ch) 4x2 PTAC 3190 kg normal Toit plat,8753,187,746
MERCEDES,SPRINTER Combi 311 CDI (114ch) 4x2 PTAC 3500 kg court Toit plat,8753,187,746
MERCEDES,SPRINTER Combi 311 CDI (114ch) 4x2 PTAC 3500 kg normal Toit plat,8753,187,746
MERCEDES,SPRINTER Combi 311 CDI (114ch) 4x2 PTAC 3190 kg normal Toit plat,8753,187,746
MERCEDES,SPRINTER Combi 311 CDI (114ch) 4x2 PTAC 3190 kg court Toit plat,8753,187,746
MERCEDES,SPRINTER Combi 316 CDI (163ch) 4x2 PTAC 3500 kg long Toit surélevé,8753,187,746
MERCEDES,SPRINTER Combi 316 CDI (163ch) 4x2 PTAC 3500 kg normal Toit surélevé,8753,187,746
MERCEDES,SPRINTER Combi 314 CDI (143ch) 4x2 PTAC 3500 kg long Toit surélevé,8753,187,746
MERCEDES,SPRINTER Combi 314 CDI (143ch) 4x2 PTAC 3500 kg normal Toit surélevé,8753,187,746
MERCEDES,SPRINTER Combi 314 CDI (143ch) 4x2 PTAC 3190 kg normal Toit surélevé,8753,186,746
MERCEDES,SPRINTER Combi 316 CDI (163ch) 4x2 PTAC 3500 kg normal Toit plat,8753,186,746
MERCEDES,SPRINTER Combi 316 CDI (163ch) 4x2 PTAC 3500 kg court Toit plat,8753,186,746
MERCEDES,SPRINTER Combi 316 CDI (163ch) 4x2 PTAC 3190 kg court Toit plat,8753,186,746
MERCEDES,SPRINTER Combi 316 CDI (163ch) 4x2 PTAC 3190 kg normal Toit plat,8753,186,746
MERCEDES,SPRINTER Combi 314 CDI (143ch) 4x2 PTAC 3500 kg normal Toit plat,8753,186,746
MERCEDES,SPRINTER Combi 314 CDI (143ch) 4x2 PTAC 3500 kg court Toit plat,8753,186,746
MERCEDES,SPRINTER Combi 314 CDI (143ch) 4x2 PTAC 3190 kg court Toit plat,8753,186,746
MERCEDES,SPRINTER Combi 314 CDI (143ch) 4x2 PTAC 3190 kg normal Toit plat,8753,186,746
MERCEDES,SPRINTER Combi 316 CDI (163ch) 4x2 PTAC 3500 kg long Toit surélevé,8753,186,746
MERCEDES,SPRINTER Combi 316 CDI (163ch) 4x2 PTAC 3500 kg normal Toit surélevé,8753,186,746
MERCEDES,SPRINTER Combi 316 CDI (163ch) 4x2 PTAC 3190 kg normal Toit surélevé,8753,186,746
MERCEDES,SPRINTER Combi 314 CDI (143ch) 4x2 PTAC 3500 kg long Toit surélevé,8753,186,746
MERCEDES,SPRINTER Combi 314 CDI (143ch) 4x2 PTAC 3500 kg normal Toit surélevé,8753,186,746
MERCEDES,SPRINTER Combi 316 CDI (163ch) 4x2 PTAC 3500 kg normal Toit plat,8753,185,736
MERCEDES,SPRINTER Combi 316 CDI (163ch) 4x2 PTAC 3500 kg court Toit plat,8753,185,736
MERCEDES,SPRINTER Combi 316 CDI (163ch) 4x2 PTAC 3190 kg court Toit plat,8753,185,736
MERCEDES,SPRINTER Combi 316 CDI (163ch) 4x2 PTAC 3190 kg normal Toit plat,8753,185,736
MERCEDES,SPRINTER Combi 314 CDI (143ch) 4x2 PTAC 3500 kg normal Toit plat,8753,185,736
MERCEDES,SPRINTER Combi 314 CDI (143ch) 4x2 PTAC 3500 kg court Toit plat,8753,185,736
MERCEDES,SPRINTER Combi 314 CDI (143ch) 4x2 PTAC 3190 kg normal Toit plat,8753,185,736
MERCEDES,SPRINTER Combi 314 CDI (143ch) 4x2 PTAC 3190 kg court Toit plat,8753,185,736
MERCEDES,SPRINTER Combi 316 CDI (163ch) 4x2 PTAC 3500 kg long Toit surélevé,8753,185,736
MERCEDES,SPRINTER Combi 316 CDI (163ch) 4x2 PTAC 3500 kg normal Toit surélevé,8753,185,736
MERCEDES,SPRINTER Combi 316 CDI (163ch) 4x2 PTAC 3190 kg normal Toit surélevé,8753,185,736
MERCEDES,SPRINTER Combi 314 CDI (143ch) 4x2 PTAC 3500 kg normal Toit surélevé,8753,185,736
MERCEDES,SPRINTER Combi 314 CDI (143ch) 4x2 PTAC 3500 kg long Toit surélevé,8753,185,736
MERCEDES,SPRINTER Combi 314 CDI (143ch) 4x2 PTAC 3190 kg normal Toit surélevé,8753,185,736
MERCEDES,SPRINTER Combi 314 CDI (143ch) 4x2 PTAC 3190 kg normal Toit surélevé,8460,184,736
MERCEDES,SPRINTER Combi 311 CDI (114ch) 4x2 PTAC 3500 kg long Toit surélevé,8460,184,736
MERCEDES,SPRINTER Combi 311 CDI (114ch) 4x2 PTAC 3500 kg normal Toit surélevé,8460,184,736
MERCEDES,SPRINTER Combi 311 CDI (114ch) 4x2 PTAC 3190 kg normal Toit surélevé,8460,184,736
MERCEDES,SPRINTER Combi 316 CDI (163ch) 4x2 PTAC 3500 kg normal Toit plat,8460,184,736
MERCEDES,SPRINTER Combi 314 CDI (143ch) 4x2 PTAC 3500 kg court Toit plat,8460,184,736
MERCEDES,SPRINTER Combi 314 CDI (143ch) 4x2 PTAC 3500 kg normal Toit plat,8460,184,736
MERCEDES,SPRINTER Combi 314 CDI (143ch) 4x2 PTAC 3190 kg court Toit plat,8460,184,736
MERCEDES,SPRINTER Combi 314 CDI (143ch) 4x2 PTAC 3190 kg normal Toit plat,8460,184,736
MERCEDES,SPRINTER Combi 311 CDI (114ch) 4x2 PTAC 3500 kg court Toit plat,8460,184,736
MERCEDES,SPRINTER Combi 311 CDI (114ch) 4x2 PTAC 3500 kg normal Toit plat,8460,184,736
MERCEDES,SPRINTER Combi 311 CDI (114ch) 4x2 PTAC 3190 kg normal Toit plat,8460,184,736
MERCEDES,SPRINTER Combi 311 CDI (114ch) 4x2 PTAC 3190 kg court Toit plat,8460,184,736
MERCEDES,SPRINTER Combi 316 CDI (163ch) 4x2 PTAC 3500 kg long Toit surélevé,8460,184,736
MERCEDES,SPRINTER Combi 316 CDI (163ch) 4x2 PTAC 3500 kg normal Toit surélevé,8460,184,736
MERCEDES,SPRINTER Combi 314 CDI (143ch) 4x2 PTAC 3500 kg long Toit surélevé,8460,184,736
MERCEDES,SPRINTER Combi 314 CDI (143ch) 4x2 PTAC 3500 kg normal Toit surélevé,8460,184,736
MERCEDES,SPRINTER Combi 314 CDI (143ch) 4x2 PTAC 3190 kg normal Toit surélevé,8173,183,736
MERCEDES,SPRINTER Combi 316 CDI (163ch) 4x2 PTAC 3500 kg normal Toit plat,8173,183,736
MERCEDES,SPRINTER Combi 316 CDI (163ch) 4x2 PTAC 3500 kg court Toit plat,8173,183,736
MERCEDES,SPRINTER Combi 316 CDI (163ch) 4x2 PTAC 3190 kg normal Toit plat,8173,183,736
MERCEDES,SPRINTER Combi 316 CDI (163ch) 4x2 PTAC 3190 kg court Toit plat,8173,183,736
MERCEDES,SPRINTER Combi 314 CDI (143ch) 4x2 PTAC 3500 kg normal Toit plat,8173,183,736
MERCEDES,SPRINTER Combi 314 CDI (143ch) 4x2 PTAC 3500 kg court Toit plat,8173,183,736
MERCEDES,SPRINTER Combi 314 CDI (143ch) 4x2 PTAC 3190 kg normal Toit plat,8173,183,736
MERCEDES,SPRINTER Combi 314 CDI (143ch) 4x2 PTAC 3190 kg court Toit plat,8173,183,736
MERCEDES,SPRINTER Combi 316 CDI (163ch) 4x2 PTAC 3500 kg long Toit surélevé,8173,183,736
MERCEDES,SPRINTER Combi 316 CDI (163ch) 4x2 PTAC 3500 kg normal Toit surélevé,8173,183,736
MERCEDES,SPRINTER Combi 316 CDI (163ch) 4x2 PTAC 3190 kg normal Toit surélevé,8173,183,736
MERCEDES,SPRINTER Combi 314 CDI (143ch) 4x2 PTAC 3500 kg long Toit surélevé,8173,183,736
MERCEDES,SPRINTER Combi 314 CDI (143ch) 4x2 PTAC 3500 kg normal Toit surélevé,8173,183,736
MERCEDES,SPRINTER Combi 314 CDI (143ch) 4x2 PTAC 3190 kg normal Toit surélevé,7890,182,725
MERCEDES,SPRINTER Combi 311 CDI (114ch) 4x2 PTAC 3500 kg long Toit surélevé,7890,182,725
MERCEDES,SPRINTER Combi 311 CDI (114ch) 4x2 PTAC 3500 kg normal Toit surélevé,7890,182,725
MERCEDES,SPRINTER Combi 316 CDI (163ch) 4x2 PTAC 3500 kg normal Toit plat,7890,182,725
MERCEDES,SPRINTER Combi 316 CDI (163ch) 4x2 PTAC 3500 kg court Toit plat,7890,182,725
MERCEDES,SPRINTER Combi 316 CDI (163ch) 4x2 PTAC 3500 kg normal Toit plat,7890,182,725
MERCEDES,SPRINTER Combi 316 CDI (163ch) 4x2 PTAC 3190 kg court Toit plat,7890,182,725
MERCEDES,SPRINTER Combi 316 CDI (163ch) 4x2 PTAC 3190 kg normal Toit plat,7890,182,725
MERCEDES,SPRINTER Combi 314 CDI (143ch) 4x2 PTAC 3500 kg normal Toit plat,7890,182,725
MERCEDES,SPRINTER Combi 314 CDI (143ch) 4x2 PTAC 3500 kg normal Toit plat,7890,182,725
MERCEDES,SPRINTER Combi 314 CDI (143ch) 4x2 PTAC 3500 kg court Toit plat,7890,182,725
MERCEDES,SPRINTER Combi 314 CDI (143ch) 4x2 PTAC 3190 kg normal Toit plat,7890,182,725
MERCEDES,SPRINTER Combi 314 CDI (143ch) 4x2 PTAC 3190 kg court Toit plat,7890,182,725
MERCEDES,SPRINTER Combi 311 CDI (114ch) 4x2 PTAC 3500 kg court Toit plat,7890,182,725
MERCEDES,SPRINTER Combi 311 CDI (114ch) 4x2 PTAC 3500 kg normal Toit plat,7890,182,725
MERCEDES,SPRINTER Combi 311 CDI (114ch) 4x2 PTAC 3190 kg normal Toit plat,7890,182,725
MERCEDES,SPRINTER Combi 311 CDI (114ch) 4x2 PTAC 3190 kg court Toit plat,7890,182,725
MERCEDES,SPRINTER Combi 316 CDI (163ch) 4x2 PTAC 3500 kg long Toit surélevé,7890,182,725
MERCEDES,SPRINTER Combi 316 CDI (163ch) 4x2 PTAC 3500 kg normal Toit surélevé,7890,182,725
MERCEDES,SPRINTER Combi 316 CDI (163ch) 4x2 PTAC 3500 kg long Toit surélevé,7890,182,725
MERCEDES,SPRINTER Combi 316 CDI (163ch) 4x2 PTAC 3500 kg normal Toit surélevé,7890,182,725
MERCEDES,SPRINTER Combi 316 CDI (163ch) 4x2 PTAC 3190 kg normal Toit surélevé,7890,182,725
MERCEDES,SPRINTER Combi 314 CDI (143ch) 4x2 PTAC 3500 kg normal Toit surélevé,7890,182,725
MERCEDES,SPRINTER Combi 314 CDI (143ch) 4x2 PTAC 3500 kg long Toit surélevé,7890,182,725
MERCEDES,SPRINTER Combi 314 CDI (143ch) 4x2 PTAC 3500 kg long Toit surélevé,7890,182,725
MERCEDES,SPRINTER Combi 314 CDI (143ch) 4x2 PTAC 3500 kg normal Toit surélevé,7890,182,725
MERCEDES,SPRINTER Combi 316 CDI (163ch) 4x2 PTAC 3500 kg normal Toit plat,7613,181,725
MERCEDES,SPRINTER Combi 316 CDI (163ch) 4x2 PTAC 3500 kg court Toit plat,7613,181,725
MERCEDES,SPRINTER Combi 316 CDI (163ch) 4x2 PTAC 3190 kg normal Toit plat,7613,181,725
MERCEDES,SPRINTER Combi 316 CDI (163ch) 4x2 PTAC 3190 kg court Toit plat,7613,181,725
MERCEDES,SPRINTER Combi 316 CDI (163ch) 4x2 PTAC 3500 kg long Toit surélevé,7613,181,725
MERCEDES,SPRINTER Combi 316 CDI (163ch) 4x2 PTAC 3500 kg normal Toit surélevé,7613,181,725
MERCEDES,SPRINTER Combi 316 CDI (163ch) 4x2 PTAC 3190 kg normal Toit surélevé,7613,181,725
MERCEDES,SPRINTER Combi 314 CDI (143ch) 4x2 PTAC 3190 kg normal Toit surélevé,7340,180,725
MERCEDES,SPRINTER Combi 316 CDI (163ch) 4x2 PTAC 3500 kg normal Toit plat,7340,180,725
MERCEDES,SPRINTER Combi 316 CDI (163ch) 4x2 PTAC 3500 kg court Toit plat,7340,180,725
MERCEDES,SPRINTER Combi 316 CDI (163ch) 4x2 PTAC 3190 kg normal Toit plat,7340,180,725
MERCEDES,SPRINTER Combi 316 CDI (163ch) 4x2 PTAC 3190 kg court Toit plat,7340,180,725
MERCEDES,SPRINTER Combi 314 CDI (143ch) 4x2 PTAC 3500 kg normal Toit plat,7340,180,725
MERCEDES,SPRINTER Combi 314 CDI (143ch) 4x2 PTAC 3500 kg court Toit plat,7340,180,725
MERCEDES,SPRINTER Combi 314 CDI (143ch) 4x2 PTAC 3190 kg normal Toit plat,7340,180,725
MERCEDES,SPRINTER Combi 314 CDI (143ch) 4x2 PTAC 3190 kg court Toit plat,7340,180,725
MERCEDES,SPRINTER Combi 316 CDI (163ch) 4x2 PTAC 3500 kg normal Toit surélevé,7340,180,725
MERCEDES,SPRINTER Combi 316 CDI (163ch) 4x2 PTAC 3500 kg long Toit surélevé,7340,180,725
MERCEDES,SPRINTER Combi 316 CDI (163ch) 4x2 PTAC 3190 kg normal Toit surélevé,7340,180,725
MERCEDES,SPRINTER Combi 314 CDI (143ch) 4x2 PTAC 3500 kg long Toit surélevé,7340,180,725
MERCEDES,SPRINTER Combi 314 CDI (143ch) 4x2 PTAC 3500 kg normal Toit surélevé,7340,180,725
MERCEDES,SPRINTER Combi 311 CDI (114ch) 4x2 PTAC 3500 kg long Toit surélevé,7073,179,715
MERCEDES,SPRINTER Combi 311 CDI (114ch) 4x2 PTAC 3500 kg normal Toit surélevé,7073,179,715
MERCEDES,SPRINTER Combi 311 CDI (114ch) 4x2 PTAC 3190 kg normal Toit surélevé,7073,179,715
MERCEDES,SPRINTER Combi 316 CDI (163ch) 4x2 PTAC 3500 kg normal Toit plat,7073,179,715
MERCEDES,SPRINTER Combi 314 CDI (143ch) 4x2 PTAC 3500 kg normal Toit plat,7073,179,715
MERCEDES,SPRINTER Combi 311 CDI (114ch) 4x2 PTAC 3500 kg court Toit plat,7073,179,715
MERCEDES,SPRINTER Combi 311 CDI (114ch) 4x2 PTAC 3500 kg normal Toit plat,7073,179,715
MERCEDES,SPRINTER Combi 311 CDI (114ch) 4x2 PTAC 3190 kg normal Toit plat,7073,179,715
MERCEDES,SPRINTER Combi 311 CDI (114ch) 4x2 PTAC 3190 kg court Toit plat,7073,179,715
MERCEDES,SPRINTER Combi 316 CDI (163ch) 4x2 PTAC 3500 kg normal Toit surélevé,7073,179,715
MERCEDES,SPRINTER Combi 316 CDI (163ch) 4x2 PTAC 3500 kg long Toit surélevé,7073,179,715
MERCEDES,SPRINTER Combi 314 CDI (143ch) 4x2 PTAC 3500 kg long Toit surélevé,7073,179,715
MERCEDES,SPRINTER Combi 314 CDI (143ch) 4x2 PTAC 3500 kg normal Toit surélevé,7073,179,715
MERCEDES,SPRINTER Combi 316 CDI (163ch) 4x2 PTAC 3500 kg normal Toit plat,6810,178,715
MERCEDES,SPRINTER Combi 316 CDI (163ch) 4x2 PTAC 3500 kg court Toit plat,6810,178,715
MERCEDES,SPRINTER Combi 316 CDI (163ch) 4x2 PTAC 3190 kg normal Toit plat,6810,178,715
MERCEDES,SPRINTER Combi 316 CDI (163ch) 4x2 PTAC 3190 kg court Toit plat,6810,178,715
MERCEDES,SPRINTER Combi 316 CDI (163ch) 4x2 PTAC 3500 kg long Toit surélevé,6810,178,715
MERCEDES,SPRINTER Combi 316 CDI (163ch) 4x2 PTAC 3500 kg normal Toit surélevé,6810,178,715
MERCEDES,SPRINTER Combi 316 CDI (163ch) 4x2 PTAC 3190 kg normal Toit surélevé,6810,178,715
MERCEDES,S 560 e,0,57,84
MERCEDES,GLC 300 e 4MATIC,0,50,98
MERCEDES,GLC 300 e 4MATIC,0,50,98
MERCEDES,E 300 e,0,47,78
MERCEDES,E 300 e,0,46,78
MERCEDES,C 300 e,0,39,75
MERCEDES,E 300 de,0,38,78
MERCEDES,E 200 d,0,38,78
MERCEDES,C 300 de,0,38,75
MERCEDES,C 300 de,0,38,75
MERCEDES,E 300 e,0,37,78
MERCEDES,C 300 e,0,35,75
MERCEDES,C 300 e,0,35,75
MERCEDES,B 250 e,0,30,62
MERCEDES,A 250 e,0,30,74
MERCEDES,A 250 e,0,30,74
MERCEDES,VITO Tourer extra-long eVITO (85kW) Traction 4x2 PTAC 3200kg,-6000,0,411
MERCEDES,VITO Tourer long eVITO (85kW) Traction 4x2 PTAC 3200kg,-6000,0,411
MERCEDES,EQC 400 4MATIC,-6000,0,291
MERCEDES,SPRINTER Combi 311 CDI (114ch) 4x2 PTAC 3190 kg normal Toit surélevé,7890,182,725
MINI,MINI Cooper SE Hatch 3P (F56),-6000,0,199
MINI,MINI Cooper SE Countryman (F60),0,43,53
MITSUBISHI,OUTLANDER PHEV TWIN ENGINE 4WD INVITE & BUSINESS my20,0,40,98
MITSUBISHI,OUTLANDER PHEV INTENSE & INSTYLE MY19&BUSINES MY19 my20,0,40,98
NISSAN,Nouvelle NISSAN LEAF,-6000,0,177
NISSAN,NV400 COMBI 3T3 8PL 2.3 dCi (170ch) BVM6,8753,200,810
NISSAN,NV400 COMBI 3T5 9PL 2.3 dCi (110ch) BVM6,8753,200,810
NISSAN,NV400 COMBI 3T5 8PL 2.3 dCi (110ch) BVM6,8753,200,810
NISSAN,NV400 COMBI 3T3 8PL 2.3 dCi (110ch) BVM6,8753,200,810
NISSAN,NV400 COMBI 3T3 9PL 2.3 dCi (110ch) BVM6,8753,200,810
NISSAN,NV400 COMBI 3T5 9PL 2.3 dCi (170ch) BVM6,8753,200,810
NISSAN,NV400 COMBI 3T5 8PL 2.3 dCi (170ch) BVM6,8753,200,810
NISSAN,NV400 COMBI 3T3 9PL 2.3 dCi (170ch) BVM6,8753,200,810
NISSAN,Nouvelle NISSAN LEAF,-6000,0,155
PEUGEOT,508 2.0 PureTech (180ch) EAT8,0,31,67
PEUGEOT,208 E- Tense (136 ch),-6000,0,221
PEUGEOT,ION electrique (67ch),-6000,0,241
PEUGEOT,Nouvelle 3008 2.0 BlueHDi (200ch) EAT8 S&S,0,33,66
PEUGEOT,508 2.0 PureTech (180ch) EAT8,0,31,67
PEUGEOT,PARTNER,-6000,0,203
PORSCHE,PANAMERA TURBO S E-HYBRID,0,72,84
PORSCHE,CAYENNE E-HYBRID,0,74,98
PORSCHE,CAYENNE TURBO S-PHEV,0,85,105
PORSCHE,CAYENNE TURBO S-PHEV,0,85,105
PORSCHE,PANAMERA 4 E-HYBRID,0,58,75
PORSCHE,PANAMERA 4 E-HYBRID,0,58,75
PORSCHE,PANAMERA 4 E-HYBRID,0,58,84
PORSCHE,PANAMERA 4 E-HYBRID,0,58,84
PORSCHE,CAYENNE E-HYBRID,0,70,98
PORSCHE,CAYENNE E-HYBRID,0,70,98
PORSCHE,CAYENNE E-HYBRID,0,74,98
PORSCHE,PANAMERA TURBO S E-HYBRID,0,72,84
PORSCHE,PANAMERA TURBO S E-HYBRID,0,72,84
PORSCHE,PANAMERA TURBO S E-HYBRID,0,72,84
RENAULT,ZOE (51Kw),-6000,0,206
RENAULT,ZOE (53Kw),-6000,0,206
RENAULT,ZOE (43Kw),-6000,0,206
SKODA,SUPERB Combi PHEV pneu C famille A,0,31,85
SKODA,SUPERB Combi PHEV pneu C famille B,0,31,85
SKODA,CITIGOe iV,-6000,0,210
SKODA,SUPERB Berline PHEV pneu C famille A,0,31,85
SKODA,SUPERB Berline PHEV pneu B famille B,0,31,85
SKODA,SUPERB Berline PHEV pneu B famille A,0,31,85
SKODA,SUPERB Berline PHEV pneu C famille B,0,31,85
SKODA,SUPERB Combi PHEV pneu B famille A,0,31,85
SKODA,SUPERB Combi PHEV pneu B famille B,0,31,85
SMART,EQ FORTWO COUPE,-6000,0,175
SMART,EQ FORFOUR 7 kW Mode 2,-6000,0,213
SMART,EQ FORFOUR 22 kW Mode 2,-6000,0,213
SMART,EQ FORFOUR,-6000,0,175
SMART,EQ FORTWO COUPE 22 kW Mode 3,-6000,0,201
SMART,EQ FORTWO CABRIO,-6000,0,175
SMART,EQ FORTWO CABRIO 22 kW Mode 3,-6000,0,175
SMART,EQ FORFOUR 22 kW Mode 3,-6000,0,175
SMART,EQ FORTWO CABRIO 7 kW Mode 2,-6000,0,201
SMART,EQ FORTWO COUPE 7 kW Mode 2,-6000,0,201
SMART,EQ FORTWO COUPE 22 kW Mode 2,-6000,0,201
TESLA,MODEL 3 (153Kw),-6000,0,202
TESLA,MODEL 3 (100Kw),-6000,0,235
TESLA,MODEL S (177Kw),-6000,0,247
TESLA,MODEL S (169Kw),-6000,0,247
TESLA,MODEL S (180Kw),-6000,0,247
TESLA,MODEL S (158Kw),-6000,0,247
TESLA,MODEL X (177Kw),-6000,0,293
TESLA,MODEL X (180Kw),-6000,0,293
TESLA,MODEL 3 (155Kw),-6000,0,202
TOYOTA,PRIUS Hybride Rechargeable (122h) 17'' : Solar,0,32,43
VOLKSWAGEN,Passat 1.4 TSI + Hyb. Rech. (218ch) DSG6 bat dans coffre Start/Stop 17/18/19 standard Fi B,0,31,56
VOLKSWAGEN,e-up! électrique (82ch) 15'' std,-6000,0,185
VOLKSWAGEN,Passat 1.4 TSI + Hyb. Rech. (218ch) DSG6 bat dans coffre Start/Stop 17 rlt fbl res Fi A,0,31,56
VOLKSWAGEN,Passat 1.4 TSI + Hyb. Rech. (218ch) DSG6 bat dans coffre Start/Stop 17 rlt fbl res Fi B,0,31,56
VOLKSWAGEN,Passat 1.4 TSI + Hyb. Rech. (218ch) DSG6 bat dans coffre Start/Stop 17/18/19 standard Fi A,0,31,56
VOLKSWAGEN,Passat SW 1.4 TSI + Hyb. Rech. (218ch) DSG6 bat dans coffre Start/Stop 17 rlt fbl res Fi A,0,31,56
VOLKSWAGEN,Passat SW 1.4 TSI + Hyb. Rech. (218ch) DSG6 bat dans coffre Start/Stop 17 rlt fbl res Fi B,0,31,56
VOLKSWAGEN,Passat SW 1.4 TSI + Hyb. Rech. (218ch) DSG6 bat dans coffre Start/Stop 17/18/19 standard Fi A,0,31,56
VOLKSWAGEN,Passat SW 1.4 TSI + Hyb. Rech. (218ch) DSG6 bat dans coffre Start/Stop 17/18/19 standard Fi B,0,31,56
VOLKSWAGEN,Golf 5P GTE Hyb. Recharg. 204ch DSG6 ess ar Mbr S/S+rec Fi A,0,40,54
VOLKSWAGEN,Golf 5P GTE Hyb. Recharg. 204ch DSG6 optDCC ess ar Mbr S/S+rec Fi A,0,40,54
VOLKSWAGEN,e-up! électrique (82ch) 14'' std,-6000,0,185
VOLKSWAGEN,e-Golf 5P 136ch ess ar Spl Fi A,-6000,0,209
VOLKSWAGEN,e-Golf 5P 136ch ess ar Mbr Fi A,-6000,0,209
VOLVO,S90 T8 Twin Engine (390ch) Geartronic 8,0,40,67
VOLVO,V60 T8 Twin Engine Geartronic 8,0,39,64
VOLVO,XC60 T8 Twin Engine (390ch) Geartronic 8,0,42,67
VOLVO,XC90 T8 Twin Engine (390ch) Geartronic 8,0,48,77
VOLVO,S60 T8 TWIN ENGINE Geartronic 8 Polestar Engineered,0,48,75
VOLVO,XC90 T8 Twin Engine (390ch) Geartronic 8,0,48,77
VOLVO,S60 T8 TWIN ENGINE (303 + 87 ch) Geartronic 8,0,39,75
VOLVO,XC60 T8 Twin Engine (390ch) Geartronic 8,0,42,67
VOLVO,XC40 T5 TWIN ENGINE (262ch) DCT 7,0,41,75
VOLVO,V90 T8 Twin Engine (390ch) Geartronic 8,0,40,78
VOLVO,V90 T8 Twin Engine (390ch) Geartronic 8,0,40,78
